gen	b0000_n04_topk	cal_n04_probe_k000	1.080862000
gen	b0001_n04_probs	tvd_n04_random_d064_i000_ideal_k000	1.220731000
gen	b0001_n04_probs	tvd_n04_random_d064_i000_noisy_k000	1.242823000
gen	b0001_n04_probs	tvd_n04_random_d064_i000_rc_k000	1.532411000
gen	b0002_n04_parity	cb_n04_random_cA_cbd024_r000_ideal_k000	.853816000
gen	b0002_n04_parity	cb_n04_random_cB_cbd024_r000_ideal_k000	.807845000
gen	b0002_n04_parity	cb_n04_random_cA_cbd024_r000_noisy_k000	.885186000
gen	b0002_n04_parity	cb_n04_random_cB_cbd024_r000_noisy_k000	.660381000
gen	b0003_n08_topk	cal_n08_probe_k000	.798889000
gen	b0005_n08_parity	cb_n08_random_cA_cbd024_r000_ideal_k000	.805506000
gen	b0004_n08_probs	tvd_n08_random_d064_i000_ideal_k000	1.722649000
gen	b0004_n08_probs	tvd_n08_random_d064_i000_noisy_k000	1.745372000
gen	b0004_n08_probs	tvd_n08_random_d064_i000_rc_k000	2.422581000
gen	b0005_n08_parity	cb_n08_random_cA_cbd024_r000_noisy_k000	.740171000
gen	b0005_n08_parity	cb_n08_random_cB_cbd024_r000_ideal_k000	.728351000
gen	b0005_n08_parity	cb_n08_random_cB_cbd024_r000_noisy_k000	.746043000
gen	b0006_n12_topk	cal_n12_probe_k000	.717600000
gen	b0008_n12_parity	cb_n12_random_cA_cbd024_r000_ideal_k000	.811064000
gen	b0008_n12_parity	cb_n12_random_cA_cbd024_r000_noisy_k000	.646885000
gen	b0007_n12_probs	tvd_n12_random_d064_i000_noisy_k000	2.482514000
gen	b0007_n12_probs	tvd_n12_random_d064_i000_ideal_k000	2.558803000
gen	b0009_n16_topk	cal_n16_probe_k000	.678800000
gen	b0008_n12_parity	cb_n12_random_cB_cbd024_r000_noisy_k000	.697145000
gen	b0008_n12_parity	cb_n12_random_cB_cbd024_r000_ideal_k000	.714096000
gen	b0007_n12_probs	tvd_n12_random_d064_i000_rc_k000	4.925237000
gen	b0011_n16_parity	cb_n16_random_cA_cbd024_r000_ideal_k000	.925282000
gen	b0011_n16_parity	cb_n16_random_cA_cbd024_r000_noisy_k000	.633883000
gen	b0011_n16_parity	cb_n16_random_cB_cbd024_r000_ideal_k000	.613681000
gen	b0010_n16_probs	tvd_n16_random_d064_i000_noisy_k000	4.210845000
gen	b0010_n16_probs	tvd_n16_random_d064_i000_ideal_k000	4.226537000
gen	b0011_n16_parity	cb_n16_random_cB_cbd024_r000_noisy_k000	.678892000
gen	b0012_n20_topk	cal_n20_probe_k000	.586302000
gen	b0010_n16_probs	tvd_n16_random_d064_i000_rc_k000	8.652618000
gen	b0014_n20_parity	cb_n20_random_cA_cbd024_r000_ideal_k000	.654137000
gen	b0013_n20_probs	tvd_n20_random_d064_i000_ideal_k000	5.565200000
gen	b0014_n20_parity	cb_n20_random_cA_cbd024_r000_noisy_k000	.682206000
gen	b0013_n20_probs	tvd_n20_random_d064_i000_noisy_k000	5.565128000
gen	b0014_n20_parity	cb_n20_random_cB_cbd024_r000_ideal_k000	.738348000
gen	b0014_n20_parity	cb_n20_random_cB_cbd024_r000_noisy_k000	.794969000
gen	b0015_n24_topk	cal_n24_probe_k000	.652133000
gen	b0013_n20_probs	tvd_n20_random_d064_i000_rc_k000	12.256609000
gen	b0017_n24_parity	cb_n24_random_cA_cbd024_r000_ideal_k000	.685667000
gen	b0016_n24_probs	tvd_n24_random_d064_i000_ideal_k000	7.456285000
gen	b0016_n24_probs	tvd_n24_random_d064_i000_noisy_k000	7.464665000
gen	b0017_n24_parity	cb_n24_random_cA_cbd024_r000_noisy_k000	.667659000
gen	b0017_n24_parity	cb_n24_random_cB_cbd024_r000_ideal_k000	.643261000
gen	b0017_n24_parity	cb_n24_random_cB_cbd024_r000_noisy_k000	.607777000
gen	b0016_n24_probs	tvd_n24_random_d064_i000_rc_k000	14.868030000
