cc	b0000_n04_topk	2.796956000
cc	b0003_n08_topk	2.771282000
cc	b0002_n04_parity	11.585893000
cc	b0006_n12_topk	3.155075000
cc	b0005_n08_parity	16.401694000
cc	b0001_n04_probs	30.188841000
cc	b0009_n16_topk	2.956238000
cc	b0008_n12_parity	20.287662000
cc	b0004_n08_probs	49.560068000
cc	b0012_n20_topk	2.473693000
cc	b0011_n16_parity	19.399283000
cc	b0014_n20_parity	24.782331000
cc	b0007_n12_probs	69.154872000
cc	b0015_n24_topk	2.646804000
cc	b0017_n24_parity	29.792586000
cc	b0010_n16_probs	96.162850000
cc	b0013_n20_probs	111.199590000
cc	b0016_n24_probs	124.203005000
